value,count,m2
0.00000000,"43207",432070000.00000000
1.00000000,"9428",94280000.00000000
2.00000000,"4743",47430000.00000000
3.00000000,"1641",16410000.00000000
