value,count,m2
0.00000000,"69862",698620000.00000000
1.00000000,"12202",122020000.00000000
2.00000000,"4355",43550000.00000000
3.00000000,"915",9150000.00000000
