value,count,m2
0.00000000,"169",1690000.00000000
1.00000000,"29",290000.00000000
2.00000000,"17",170000.00000000
3.00000000,"11",110000.00000000
