value,count,m2
0.00000000,"85105",851050000.00000000
1.00000000,"5284",52840000.00000000
2.00000000,"1114",11140000.00000000
3.00000000,"104",1040000.00000000
