value,count,m2
0.00000000,"735",7350000.00000000
1.00000000,"170",1700000.00000000
2.00000000,"72",720000.00000000
3.00000000,"27",270000.00000000
