value,count,m2
0.00000000,"668647",6686470000.00000000
1.00000000,"93818",938180000.00000000
2.00000000,"37449",374490000.00000000
3.00000000,"15325",153250000.00000000
