value,count,m2
0.00000000,"335",3350000.00000000
1.00000000,"178",1780000.00000000
2.00000000,"84",840000.00000000
3.00000000,"21",210000.00000000
