value,count,m2
0.00000000,"39627",396270000.00000000
1.00000000,"6397",63970000.00000000
2.00000000,"2642",26420000.00000000
3.00000000,"836",8360000.00000000
