value,count,m2
0.00000000,"22318",223180000.00000000
1.00000000,"788",7880000.00000000
2.00000000,"171",1710000.00000000
3.00000000,"25",250000.00000000
