value,count,m2
0.00000000,"120768",1207680000.00000000
1.00000000,"11090",110900000.00000000
2.00000000,"3081",30810000.00000000
3.00000000,"619",6190000.00000000
