value,count,m2
0.00000000,"109079",1090790000.00000000
1.00000000,"24519",245190000.00000000
2.00000000,"11640",116400000.00000000
3.00000000,"8296",82960000.00000000
