value,count,m2
0.00000000,"24707",247070000.00000000
1.00000000,"6841",68410000.00000000
2.00000000,"3213",32130000.00000000
3.00000000,"1214",12140000.00000000
