value,count,m2
0.00000000,"11",110000.00000000
