value,count,m2
0.00000000,"26583",265830000.00000000
1.00000000,"4976",49760000.00000000
2.00000000,"2538",25380000.00000000
3.00000000,"701",7010000.00000000
