value,count,m2
0.00000000,"85854",858540000.00000000
1.00000000,"6775",67750000.00000000
2.00000000,"1354",13540000.00000000
3.00000000,"223",2230000.00000000
