value,count,m2
0.00000000,"6801",68010000.00000000
1.00000000,"808",8080000.00000000
2.00000000,"269",2690000.00000000
3.00000000,"55",550000.00000000
