value,count,m2
0.00000000,"23635",236350000.00000000
1.00000000,"4327",43270000.00000000
2.00000000,"2156",21560000.00000000
3.00000000,"636",6360000.00000000
