value,percentage
No Population,82.01852462897384
Rural Area,11.50803629365131
Urban Area,4.593622238386534
Urban Center,1.8798168389883214
